{"cameraMode":{"drawMode":0,"name":"Shaded","section":"Shading Mode"},"sceneLighting":true,"audioPlay":false,"sceneViewState":{"showFog":true,"showMaterialUpdate":true,"showSkybox":true,"showFlares":true,"showImageEffects":true,"showParticleSystems":true},"in2DMode":false,"pivot":{"x":-0.014989852905273438,"y":-3.0595240592956545,"z":-0.2652864456176758},"rotation":{"x":-0.07265730202198029,"y":0.9104833602905273,"z":-0.18154186010360719,"w":-0.3643967807292938},"size":10.0,"orthographic":false}